x1,y1,z1,visibility1,x2,y2,z2,visibility2,x3,y3,z3,visibility3,x4,y4,z4,visibility4,x5,y5,z5,visibility5,x6,y6,z6,visibility6,x7,y7,z7,visibility7,x8,y8,z8,visibility8,x9,y9,z9,visibility9,x10,y10,z10,visibility10,x11,y11,z11,visibility11,x12,y12,z12,visibility12,x13,y13,z13,visibility13,x14,y14,z14,visibility14,x15,y15,z15,visibility15,x16,y16,z16,visibility16,x17,y17,z17,visibility17,x18,y18,z18,visibility18,x19,y19,z19,visibility19,x20,y20,z20,visibility20,x21,y21,z21,visibility21,x22,y22,z22,visibility22,x23,y23,z23,visibility23,x24,y24,z24,visibility24,x25,y25,z25,visibility25,x26,y26,z26,visibility26,x27,y27,z27,visibility27,x28,y28,z28,visibility28,x29,y29,z29,visibility29,x30,y30,z30,visibility30,x31,y31,z31,visibility31,x32,y32,z32,visibility32,x33,y33,z33,visibility33,class
0.5643140077590942,0.8604145050048828,-0.5206881761550903,0.9999737739562988,0.5747855305671692,0.8644353151321411,-0.5537862181663513,0.9999772310256958,0.5808300971984863,0.8647465109825134,-0.5539056062698364,0.9999678134918213,0.5869160294532776,0.8647651672363281,-0.5539824366569519,0.9999704360961914,0.5582613945007324,0.8614145517349243,-0.5636951327323914,0.9999884366989136,0.5530559420585632,0.8595545291900635,-0.5637533068656921,0.9999853372573853,0.5477026700973511,0.8574759364128113,-0.5638107657432556,0.9999905824661255,0.6024765968322754,0.8469709753990173,-0.5687435865402222,0.9999599456787109,0.5444018244743347,0.8358323574066162,-0.6180399656295776,0.9999947547912598,0.574207067489624,0.8469403386116028,-0.5086053609848022,0.999985933303833,0.5566094517707825,0.844776451587677,-0.5225292444229126,0.999992847442627,0.6558104157447815,0.8044176697731018,-0.4783015847206116,0.9999855756759644,0.5128505229949951,0.7551916837692261,-0.5655413269996643,0.9999980926513672,0.6886882781982422,0.9000654816627502,-0.5703948140144348,0.989054799079895,0.4828175902366638,0.7862657308578491,-0.6774132251739502,0.9591915607452393,0.6945645809173584,0.9523301720619202,-0.7735967636108398,0.9602581858634949,0.5177459120750427,0.8260841369628906,-0.8637975454330444,0.8952158689498901,0.704872727394104,0.9743860960006714,-0.8628007173538208,0.936102032661438,0.5190436244010925,0.8409627676010132,-0.9563196897506714,0.8465307950973511,0.6974695324897766,0.9613832235336304,-0.8681184649467468,0.9254316091537476,0.5312586426734924,0.8397688269615173,-0.9734519124031067,0.8117128014564514,0.6886061429977417,0.9513680338859558,-0.7864280343055725,0.868012011051178,0.534379780292511,0.8352199196815491,-0.8792502284049988,0.7643704414367676,0.6009547710418701,0.622627317905426,0.0673527643084526,0.9999972581863403,0.5244300961494446,0.6174781918525696,-0.06751134991645813,0.9999997615814209,0.6228315234184265,0.7144990563392639,0.5302225947380066,0.09031189978122711,0.43629488348960876,0.6597850322723389,0.229274183511734,0.8087047934532166,0.5910704731941223,0.6610932946205139,1.0682106018066406,0.1361543983221054,0.37124335765838623,0.5890794396400452,0.6718252301216125,0.8092424273490906,0.5870400071144104,0.6474416851997375,1.1258158683776855,0.22107435762882233,0.3653092384338379,0.5680404305458069,0.7189096808433533,0.7343307137489319,0.5752583742141724,0.6687100529670715,1.136168122291565,0.07148414850234985,0.34138959646224976,0.6114240884780884,0.6945071220397949,0.5202084183692932,working
0.5755478739738464,0.8697254061698914,-0.38007035851478577,0.9999687671661377,0.5852043032646179,0.8706743717193604,-0.4273948669433594,0.9999702572822571,0.5914945006370544,0.8703508377075195,-0.4274253845214844,0.9999611377716064,0.5977700352668762,0.8696631789207458,-0.4274596571922302,0.9999608397483826,0.5656442046165466,0.8680516481399536,-0.4306944012641907,0.9999828338623047,0.5593399405479431,0.8657681345939636,-0.4306982159614563,0.9999801516532898,0.552944540977478,0.8631589412689209,-0.4307285249233246,0.9999845623970032,0.6089188456535339,0.8485199213027954,-0.49522000551223755,0.9999511241912842,0.5439680218696594,0.8385472893714905,-0.5117896795272827,0.999991774559021,0.584770917892456,0.8539645075798035,-0.3840456008911133,0.9999817609786987,0.5646928548812866,0.8518652319908142,-0.38851332664489746,0.9999889731407166,0.6525791883468628,0.8062149286270142,-0.44010549783706665,0.9999757409095764,0.5083228945732117,0.7532234191894531,-0.5001717209815979,0.9999976754188538,0.6907636523246765,0.9027384519577026,-0.5854749083518982,0.9888978004455566,0.44333237409591675,0.8118121027946472,-0.6568751335144043,0.9627885222434998,0.6350903511047363,0.9292347431182861,-0.8221601247787476,0.948704183101654,0.4870709776878357,0.8306189775466919,-0.8809530138969421,0.9017855525016785,0.6267592906951904,0.9463787078857422,-0.8976486921310425,0.9145017266273499,0.4955659508705139,0.842337965965271,-0.9657598733901978,0.8480604290962219,0.6217385530471802,0.9252041578292847,-0.8899219632148743,0.8987231850624084,0.5045413374900818,0.833750307559967,-0.9698385000228882,0.8122711181640625,0.6203944087028503,0.9171746969223022,-0.8270516395568848,0.8373959064483643,0.5047821998596191,0.831017792224884,-0.8898844718933105,0.7678454518318176,0.6095314621925354,0.625756025314331,0.046262405812740326,0.9999902844429016,0.5332509875297546,0.5929218530654907,-0.04658858850598335,0.9999989867210388,0.6371229887008667,0.7314947843551636,0.5135957598686218,0.08355791121721268,0.4571112096309662,0.6534491181373596,0.30485817790031433,0.7513245344161987,0.629996120929718,0.6937252879142761,0.963766872882843,0.12681005895137787,0.41256338357925415,0.5827611684799194,0.7589820623397827,0.746665358543396,0.632217288017273,0.6770671606063843,1.014001727104187,0.21241381764411926,0.41587430238723755,0.5602599382400513,0.8105183839797974,0.6991834044456482,0.6074239015579224,0.7079375982284546,1.1051539182662964,0.06604714691638947,0.37773197889328003,0.598164439201355,0.8966480493545532,0.476768434047699,working
0.5731669068336487,0.8809459805488586,-0.5576435923576355,0.9999038577079773,0.5825051069259644,0.8813225626945496,-0.5843989253044128,0.9999228119850159,0.5872616767883301,0.880896270275116,-0.5844282507896423,0.9999077320098877,0.5946681499481201,0.8797995448112488,-0.584487795829773,0.9998825192451477,0.5635872483253479,0.8768060207366943,-0.5847728252410889,0.999960720539093,0.5536023378372192,0.8657901287078857,-0.5849055647850037,0.9999611377716064,0.5481134653091431,0.8631584644317627,-0.5850404500961304,0.9999679327011108,0.6020375490188599,0.8514668941497803,-0.5626603364944458,0.9998652338981628,0.5425945520401001,0.8377413153648376,-0.5680009722709656,0.999985933303833,0.574607253074646,0.857304036617279,-0.5329992771148682,0.9999119639396667,0.5579834580421448,0.8536239266395569,-0.5344187617301941,0.9999648332595825,0.652746319770813,0.8109380602836609,-0.42968448996543884,0.9999723434448242,0.49651670455932617,0.7455247640609741,-0.4501841068267822,0.9999948740005493,0.6679827570915222,0.8916081786155701,-0.2932073175907135,0.954142153263092,0.47588974237442017,0.6992875337600708,-0.2275141179561615,0.9072242975234985,0.6429021954536438,0.9339134097099304,-0.2200077474117279,0.9003459811210632,0.4979318678379059,0.7274327874183655,-0.07535074651241302,0.8412777185440063,0.6504732370376587,0.9505597352981567,-0.255516916513443,0.8623546361923218,0.4958954453468323,0.7283706068992615,-0.09108947217464447,0.7928503155708313,0.6367371082305908,0.9337020516395569,-0.269162654876709,0.8454347252845764,0.5078218579292297,0.7321195006370544,-0.12972158193588257,0.7579191327095032,0.6291571259498596,0.9245545268058777,-0.22630362212657928,0.7827227115631104,0.5141261219978333,0.73333340883255,-0.08686753362417221,0.7190285325050354,0.6034708023071289,0.621654212474823,0.03425119072198868,0.9999876618385315,0.5268515348434448,0.6003026366233826,-0.034366242587566376,0.9999983310699463,0.6384364366531372,0.6800796985626221,0.47367486357688904,0.08016057312488556,0.4419299066066742,0.6424015164375305,0.30846256017684937,0.6868625283241272,0.6299978494644165,0.6619095206260681,0.9642618894577026,0.12391943484544754,0.3988586962223053,0.5888323187828064,0.7604069709777832,0.7072693109512329,0.630789041519165,0.6491053104400635,1.0196377038955688,0.21627160906791687,0.3985758423805237,0.5689089298248291,0.8118575811386108,0.675180196762085,0.6163049936294556,0.6901987791061401,1.0481518507003784,0.06094881147146225,0.3688162565231323,0.6240507960319519,0.8176342844963074,0.4342385232448578,working
0.5588363409042358,0.8802208304405212,-0.6076954007148743,0.9998064637184143,0.5680254697799683,0.873961329460144,-0.624510645866394,0.999860942363739,0.5735453367233276,0.8745395541191101,-0.6245262622833252,0.9998347759246826,0.5795788764953613,0.8747861385345459,-0.624609649181366,0.999753475189209,0.5507913827896118,0.8684509992599487,-0.6220157146453857,0.9999304413795471,0.5444909334182739,0.8620465397834778,-0.6221591234207153,0.9999349117279053,0.5392271876335144,0.8592756986618042,-0.6223083138465881,0.9999427199363708,0.5955047011375427,0.8504585027694702,-0.5678685903549194,0.9997522830963135,0.5356141328811646,0.8342007398605347,-0.5583800673484802,0.9999794363975525,0.5685786008834839,0.8615939021110535,-0.5724391341209412,0.9998176693916321,0.5519386529922485,0.8573934435844421,-0.5692218542098999,0.9999233484268188,0.6531068086624146,0.8115981817245483,-0.4004298746585846,0.9999424815177917,0.49404197931289673,0.7457466125488281,-0.3971872925758362,0.9999850392341614,0.6731528639793396,0.8564524054527283,-0.20030811429023743,0.9157364964485168,0.4908882677555084,0.6801782250404358,-0.12977729737758636,0.8368377685546875,0.6761763691902161,0.8797526955604553,0.0032805856317281723,0.838320255279541,0.5197136402130127,0.6980119347572327,0.05708857625722885,0.777670681476593,0.6935272812843323,0.8859027624130249,-0.0020799641497433186,0.8035682439804077,0.5168573260307312,0.6943476796150208,0.058703936636447906,0.7406527996063232,0.6741288304328918,0.8705761432647705,-0.011041723191738129,0.7877141833305359,0.5285228490829468,0.6984050273895264,0.022716781124472618,0.7069656252861023,0.6629091501235962,0.8660587668418884,0.0031979165505617857,0.7247470021247864,0.5360627770423889,0.7018722891807556,0.048548921942710876,0.6721503734588623,0.6039745807647705,0.6172840595245361,0.016094805672764778,0.9999825358390808,0.5275195240974426,0.6010228395462036,-0.016208143904805183,0.9999960064888,0.6378003358840942,0.6886762976646423,0.3504587709903717,0.08356308937072754,0.4580085277557373,0.6438390016555786,0.3082631230354309,0.6341337561607361,0.6251298189163208,0.6526801586151123,0.7878878712654114,0.13008297979831696,0.43719998002052307,0.5889495611190796,0.7587659358978271,0.6650230884552002,0.6212069988250732,0.6387961506843567,0.8400141000747681,0.22884684801101685,0.4369031488895416,0.5703344941139221,0.8110978007316589,0.6476221084594727,0.6151493191719055,0.6748786568641663,0.8859320878982544,0.057656507939100266,0.4180724620819092,0.6196269392967224,0.8413494229316711,0.3945421576499939,working
0.5795557498931885,0.8924034237861633,-0.4949556887149811,0.9996101260185242,0.5812512636184692,0.8877881169319153,-0.5366548299789429,0.999714195728302,0.5867911577224731,0.8862640261650085,-0.5367401838302612,0.9996669888496399,0.5887650847434998,0.8849661350250244,-0.5368438959121704,0.9994921684265137,0.5703853368759155,0.8848268985748291,-0.5612738728523254,0.9998595714569092,0.5586448907852173,0.8750026226043701,-0.5607149004936218,0.9998754262924194,0.553398847579956,0.8728631138801575,-0.5598573684692383,0.999884843826294,0.603244960308075,0.858698844909668,-0.5095866918563843,0.9995235800743103,0.54539954662323,0.8468626737594604,-0.4740077555179596,0.9999572038650513,0.5811195373535156,0.8774858713150024,-0.4847063422203064,0.9995219111442566,0.5642521977424622,0.8656044006347656,-0.5046612024307251,0.9997814297676086,0.6557692289352417,0.8114148378372192,-0.3848247528076172,0.9998717308044434,0.4957457482814789,0.7471951842308044,-0.3560095429420471,0.9999660849571228,0.6806990504264832,0.8616747260093689,-0.22246882319450378,0.876562237739563,0.49346908926963806,0.6867648363113403,-0.11866281181573868,0.7833275198936462,0.6868542432785034,0.8893337845802307,-0.05547180026769638,0.7913967370986938,0.5243645906448364,0.7154439687728882,0.05312858149409294,0.7224858403205872,0.7039107084274292,0.9062557220458984,-0.06911027431488037,0.7590019106864929,0.521487295627594,0.7139385938644409,0.0513383150100708,0.6925591826438904,0.6830469965934753,0.8758291602134705,-0.07894043624401093,0.7431135773658752,0.5356442928314209,0.7188857793807983,0.01460101269185543,0.6604653596878052,0.6714419722557068,0.8731606006622314,-0.05709488317370415,0.6793891191482544,0.5424610376358032,0.7208912968635559,0.042801953852176666,0.6294170618057251,0.6032487154006958,0.6109731793403625,0.01339392177760601,0.9999643564224243,0.5279315710067749,0.6013407111167908,-0.013689848594367504,0.9999886751174927,0.6282185912132263,0.6749073266983032,0.3572600483894348,0.08012069016695023,0.46968698501586914,0.6412858366966248,0.30370837450027466,0.5834015011787415,0.6149102449417114,0.6318618059158325,0.7662236094474792,0.1332857757806778,0.4624974727630615,0.5756585001945496,0.7461873888969421,0.6258451342582703,0.6106914281845093,0.6140307188034058,0.8144254684448242,0.23576103150844574,0.46652913093566895,0.555091917514801,0.797417938709259,0.6288793087005615,0.6081844568252563,0.6613484025001526,0.8551894426345825,0.054075345396995544,0.445809930562973,0.6002368330955505,0.8342224359512329,0.35775992274284363,working
0.5846807956695557,0.8830084204673767,-0.4289761483669281,0.998836874961853,0.5898007750511169,0.8876012563705444,-0.4661054015159607,0.9990314245223999,0.5926604270935059,0.8852808475494385,-0.46621614694595337,0.9986963868141174,0.5978927612304688,0.8827627897262573,-0.4662338197231293,0.9984608292579651,0.5726414322853088,0.8702813982963562,-0.4613262712955475,0.9993849396705627,0.5647121667861938,0.8664347529411316,-0.4613431394100189,0.9993354678153992,0.559058427810669,0.8647857904434204,-0.46135205030441284,0.9995484948158264,0.6078391075134277,0.8536824584007263,-0.4752492308616638,0.9974770545959473,0.5488060712814331,0.8430722951889038,-0.44159406423568726,0.9997695088386536,0.5852236747741699,0.8575694561004639,-0.4184211194515228,0.9992126226425171,0.5686298608779907,0.8515517711639404,-0.410439670085907,0.9996237754821777,0.6583917737007141,0.8028519749641418,-0.33608537912368774,0.9998394250869751,0.4966980814933777,0.747336208820343,-0.3404321074485779,0.9999648928642273,0.6857803463935852,0.8512066006660461,-0.22882673144340515,0.8450881838798523,0.49639883637428284,0.7230137586593628,-0.20264676213264465,0.7379711866378784,0.7010998129844666,0.8728283047676086,-0.2009337842464447,0.7759824395179749,0.556062638759613,0.7475671172142029,-0.20682132244110107,0.678318202495575,0.71367347240448,0.8859136700630188,-0.24689774215221405,0.747832179069519,0.5571843385696411,0.7513498067855835,-0.2535768151283264,0.6533523797988892,0.6930161714553833,0.874333918094635,-0.26402443647384644,0.7354880571365356,0.5777502655982971,0.7507604956626892,-0.2952050566673279,0.6250682473182678,0.6851070523262024,0.8705059289932251,-0.2114589959383011,0.6765309572219849,0.5820174217224121,0.7511030435562134,-0.22568146884441376,0.6025726795196533,0.6016708612442017,0.6097471714019775,0.01942313089966774,0.9999653100967407,0.5243837237358093,0.6009562611579895,-0.019527848809957504,0.9999892115592957,0.6727852821350098,0.692592442035675,0.33870285749435425,0.08615896850824356,0.4267079830169678,0.6646478176116943,0.21424081921577454,0.5578342080116272,0.6340099573135376,0.6477341055870056,0.7480204105377197,0.13996055722236633,0.38704389333724976,0.586260199546814,0.6275839805603027,0.5962526202201843,0.6169053316116333,0.6479094624519348,0.7964418530464172,0.24351799488067627,0.387023389339447,0.5633856058120728,0.6740155816078186,0.6052077412605286,0.6266851425170898,0.6721426844596863,0.8515765070915222,0.0628429651260376,0.3604743182659149,0.606121838092804,0.7109490633010864,0.34052520990371704,working
0.5716722011566162,0.8601132035255432,-0.4713970720767975,0.9988771677017212,0.5794572234153748,0.8656100034713745,-0.5038694739341736,0.9990656971931458,0.5835567712783813,0.8664073944091797,-0.5039834380149841,0.9987409710884094,0.5884549617767334,0.8669431209564209,-0.5040048360824585,0.998532235622406,0.5654430389404297,0.8561117649078369,-0.5038479566574097,0.9994181990623474,0.5605217218399048,0.8531559705734253,-0.5040086507797241,0.9993719458580017,0.556095540523529,0.8504044413566589,-0.5041365623474121,0.9995744228363037,0.6018388867378235,0.8447117209434509,-0.504498302936554,0.9975845217704773,0.5483759641647339,0.826070249080658,-0.5073757171630859,0.9997820258140564,0.5783300995826721,0.8449470400810242,-0.4572974741458893,0.9992604851722717,0.5643051862716675,0.8387105464935303,-0.4578409194946289,0.9996479749679565,0.6566882729530334,0.8015345335006714,-0.366146981716156,0.9998494982719421,0.504699170589447,0.7375977635383606,-0.3837478458881378,0.9999675750732422,0.6858988404273987,0.8989526629447937,-0.3363901376724243,0.8337169289588928,0.49689435958862305,0.7353509068489075,-0.3232193887233734,0.7279723882675171,0.6874762177467346,0.9511352181434631,-0.3913159966468811,0.7825303673744202,0.5410661697387695,0.7988109588623047,-0.31251534819602966,0.6770004034042358,0.7017176151275635,0.9770787954330444,-0.44280821084976196,0.7566230893135071,0.5383447408676147,0.8146501183509827,-0.36197584867477417,0.6559422016143799,0.6860791444778442,0.971080482006073,-0.43889132142066956,0.7451043725013733,0.5575336217880249,0.8179213404655457,-0.40141162276268005,0.6308153867721558,0.6767114996910095,0.9589971899986267,-0.39898669719696045,0.688438892364502,0.5623303651809692,0.8113453984260559,-0.3302898705005646,0.6096720099449158,0.6020897030830383,0.6104938983917236,0.03593466803431511,0.9999678134918213,0.525083065032959,0.6006072759628296,-0.03572700917720795,0.9999901652336121,0.6628190875053406,0.6938644647598267,0.3818986415863037,0.08053655177354813,0.43235936760902405,0.676521897315979,0.14858752489089966,0.5427828431129456,0.6261858940124512,0.6520394086837769,0.8165192604064941,0.13063770532608032,0.39822497963905334,0.5836972594261169,0.5780632495880127,0.562402606010437,0.6122356057167053,0.6438748836517334,0.866236686706543,0.22680850327014923,0.39939916133880615,0.5609696507453918,0.6263511180877686,0.5694776773452759,0.6185179948806763,0.6635945439338684,0.9160658121109009,0.06380154937505722,0.36970362067222595,0.590912401676178,0.6658971309661865,0.3293564021587372,working
0.5734265446662903,0.8672845959663391,-0.5308255553245544,0.9988435506820679,0.5846296548843384,0.8670184016227722,-0.5634064674377441,0.9990571737289429,0.5904935598373413,0.8682661652565002,-0.5634926557540894,0.9987399578094482,0.5963281393051147,0.8693078756332397,-0.5635594129562378,0.9985201954841614,0.5669606924057007,0.8606317043304443,-0.5615323781967163,0.9994091391563416,0.5611382722854614,0.8574157357215881,-0.5616305470466614,0.9993622899055481,0.5552502870559692,0.8540336489677429,-0.5617658495903015,0.9995635747909546,0.6119847893714905,0.8517005443572998,-0.5615988373756409,0.9976389408111572,0.5490718483924866,0.8284381031990051,-0.5537410378456116,0.9997730255126953,0.5830770134925842,0.8575869798660278,-0.5124683380126953,0.9992027878761292,0.5649473667144775,0.8514787554740906,-0.5101550817489624,0.9996157884597778,0.6597760319709778,0.8153765201568604,-0.41207805275917053,0.9998475313186646,0.5145832896232605,0.7425534725189209,-0.44628506898880005,0.9999670386314392,0.6866722702980042,0.8839029669761658,-0.2616424262523651,0.8426782488822937,0.49197572469711304,0.7156144976615906,-0.2586554288864136,0.7407557368278503,0.6692452430725098,0.9044548273086548,-0.15299655497074127,0.77313631772995,0.5128781199455261,0.7459569573402405,-0.1722465455532074,0.6804591417312622,0.6774315237998962,0.9116457104682922,-0.18281283974647522,0.7444126605987549,0.5109907388687134,0.7464801073074341,-0.2020711451768875,0.6602616310119629,0.6634194850921631,0.8955280780792236,-0.1976124793291092,0.7315624952316284,0.5206657648086548,0.7531717419624329,-0.234698086977005,0.6344521045684814,0.6560258269309998,0.8897345066070557,-0.15908092260360718,0.6696587800979614,0.527087926864624,0.7546260952949524,-0.18355987966060638,0.616446316242218,0.6250182390213013,0.648324728012085,0.028170352801680565,0.9999691843986511,0.5554065704345703,0.6097272634506226,-0.028185075148940086,0.9999908804893494,0.6256505250930786,0.7153500914573669,0.47319936752319336,0.07952001690864563,0.47009915113449097,0.6178328990936279,0.34536051750183105,0.5347407460212708,0.621186375617981,0.6908341646194458,0.9648049473762512,0.14316962659358978,0.4281088709831238,0.5702884197235107,0.7995555400848389,0.5857303142547607,0.6234545111656189,0.6777477264404297,1.0219600200653076,0.24721349775791168,0.44808030128479004,0.5707574486732483,0.8521676063537598,0.5960284471511841,0.6071054339408875,0.7154944539070129,1.053159475326538,0.061006512492895126,0.3970569968223572,0.5969054698944092,0.8648160696029663,0.31522440910339355,working
0.5708035826683044,0.8647177815437317,-0.5755329728126526,0.9984858632087708,0.5834847688674927,0.860080897808075,-0.6094355583190918,0.9986438155174255,0.5899389982223511,0.8607690930366516,-0.6095540523529053,0.9984427094459534,0.5961929559707642,0.8612174987792969,-0.6096165776252747,0.9980703592300415,0.5630546808242798,0.8541380763053894,-0.6082514524459839,0.9991049766540527,0.5564783215522766,0.8506436944007874,-0.6083561182022095,0.9991651177406311,0.5498136281967163,0.8469741344451904,-0.6084591150283813,0.9993692636489868,0.6119305491447449,0.840225100517273,-0.6022465229034424,0.9972755908966064,0.5420256853103638,0.8200079798698425,-0.5975283980369568,0.9996670484542847,0.5815454125404358,0.8550035357475281,-0.5525394678115845,0.9989712238311768,0.560583770275116,0.8488569855690002,-0.5509884357452393,0.9994832873344421,0.6596047282218933,0.8069679737091064,-0.45163822174072266,0.9998122453689575,0.5006421804428101,0.7405145764350891,-0.4702053964138031,0.9999502897262573,0.7076004147529602,0.9301691651344299,-0.3244756758213043,0.8548585176467896,0.4890877604484558,0.7693421244621277,-0.32996511459350586,0.7623276114463806,0.6674439907073975,0.908294677734375,-0.23911385238170624,0.7532593607902527,0.5700308084487915,0.8157317638397217,-0.2767775058746338,0.6847441792488098,0.6691783666610718,0.9198574423789978,-0.2663787007331848,0.7043958902359009,0.5808603763580322,0.8333277106285095,-0.30433428287506104,0.6447821855545044,0.6529632806777954,0.8969424962997437,-0.26733261346817017,0.6865428686141968,0.5969722270965576,0.8233175277709961,-0.32573050260543823,0.6157354712486267,0.6492165923118591,0.8923476338386536,-0.2387685775756836,0.6280763149261475,0.5974985957145691,0.8195527195930481,-0.2823328971862793,0.600452721118927,0.6186727285385132,0.6345258951187134,0.01844240352511406,0.9999608993530273,0.5417506694793701,0.5977634787559509,-0.01816348172724247,0.9999858736991882,0.6060785055160522,0.6947851181030273,0.43733006715774536,0.07645560801029205,0.4715440273284912,0.6205946803092957,0.4032000005245209,0.48868972063064575,0.5945953130722046,0.6546860933303833,0.9557303190231323,0.1407075673341751,0.44948482513427734,0.5704412460327148,0.9121021032333374,0.5476154088973999,0.593889594078064,0.6345559358596802,1.0147130489349365,0.2511632442474365,0.45282143354415894,0.5592899322509766,0.9708584547042847,0.5763553977012634,0.5758692026138306,0.6844123601913452,1.0645133256912231,0.06008445844054222,0.42950472235679626,0.5945860743522644,1.0170683860778809,0.2911033630371094,working
0.5816937685012817,0.8647932410240173,-0.40929079055786133,0.9980807900428772,0.5929211974143982,0.8604575395584106,-0.45108312368392944,0.9982299208641052,0.5993084907531738,0.8614645004272461,-0.4511489272117615,0.9980829358100891,0.605648398399353,0.861853301525116,-0.45116662979125977,0.9974320530891418,0.5714923739433289,0.8571143746376038,-0.4440489709377289,0.9987923502922058,0.5643288493156433,0.8550714254379272,-0.44410568475723267,0.9989368319511414,0.5570648312568665,0.8529263138771057,-0.44420576095581055,0.9991282224655151,0.6160473823547363,0.8405116200447083,-0.5004531741142273,0.9964627027511597,0.542629063129425,0.828465461730957,-0.4677709639072418,0.9995058178901672,0.5897705554962158,0.854059636592865,-0.4084673523902893,0.9985148310661316,0.5684078335762024,0.8489224314689636,-0.39885324239730835,0.9992662072181702,0.6617559194564819,0.7891085147857666,-0.39559346437454224,0.9997050166130066,0.48910579085350037,0.7526093125343323,-0.3914007544517517,0.9999324679374695,0.7130165696144104,0.8678165674209595,-0.3021625280380249,0.8630942702293396,0.479908287525177,0.7738487124443054,-0.27825644612312317,0.7736324667930603,0.6824849843978882,0.8929165601730347,-0.21210186183452606,0.737763524055481,0.5742992162704468,0.8234770894050598,-0.22643490135669708,0.6700289249420166,0.681010365486145,0.9074122905731201,-0.2244347333908081,0.6728848814964294,0.5868215560913086,0.8444607257843018,-0.25492149591445923,0.6140903830528259,0.6638990640640259,0.8912627100944519,-0.2068006545305252,0.6522332429885864,0.6060475707054138,0.8330614566802979,-0.28390079736709595,0.58487468957901,0.6621620655059814,0.8879201412200928,-0.1944592446088791,0.5986394286155701,0.6052981019020081,0.8266791701316833,-0.235245019197464,0.5752894282341003,0.6149495840072632,0.6161498427391052,0.01418332289904356,0.9999426007270813,0.5236396193504333,0.5918124914169312,-0.014025655575096607,0.9999793171882629,0.6305469274520874,0.6935818791389465,0.39765989780426025,0.07761609554290771,0.43731164932250977,0.635915994644165,0.3597918152809143,0.45574578642845154,0.6170874834060669,0.663470447063446,0.8616096377372742,0.14346843957901,0.38823777437210083,0.594691812992096,0.7720198631286621,0.5335131287574768,0.6062909364700317,0.6468049883842468,0.9150407910346985,0.2566926181316376,0.3829396665096283,0.5726327896118164,0.8198238611221313,0.5752869844436646,0.6114093065261841,0.6974124908447266,0.9711173176765442,0.05901684984564781,0.3683159053325653,0.6280650496482849,0.8629266619682312,0.2752480208873749,working
0.57783043384552,0.8675240278244019,-0.2779439389705658,0.996349036693573,0.5865544080734253,0.8733779191970825,-0.32420867681503296,0.9973033666610718,0.5921027064323425,0.873470664024353,-0.32424962520599365,0.997099757194519,0.5976192355155945,0.8732369542121887,-0.32425862550735474,0.9957722425460815,0.5674117207527161,0.8736134767532349,-0.3164477050304413,0.997937798500061,0.5606832504272461,0.873328447341919,-0.3165176808834076,0.9981619715690613,0.5538768172264099,0.8729063868522644,-0.31664618849754333,0.9984217286109924,0.6046678423881531,0.8573516011238098,-0.4079781174659729,0.9943822026252747,0.5398401021957397,0.856958270072937,-0.3720250725746155,0.9991584420204163,0.5841575264930725,0.8554847240447998,-0.29190415143966675,0.9970484972000122,0.565004289150238,0.8535080552101135,-0.28139233589172363,0.9986145496368408,0.6465820670127869,0.7928465008735657,-0.32271239161491394,0.9996529817581177,0.4896377921104431,0.7769559621810913,-0.31760621070861816,0.9999226927757263,0.6929054856300354,0.8438170552253723,-0.21499955654144287,0.8641565442085266,0.5090314149856567,0.7606409788131714,-0.17040100693702698,0.7328126430511475,0.6858261823654175,0.8850220441818237,-0.15014876425266266,0.7481552958488464,0.5900582075119019,0.8083447217941284,-0.12898632884025574,0.6273971796035767,0.6901832818984985,0.8992272019386292,-0.18303516507148743,0.6828142404556274,0.59635990858078,0.8238887190818787,-0.15928682684898376,0.5751460194587708,0.6746224761009216,0.8915349245071411,-0.18938976526260376,0.664703905582428,0.6148325204849243,0.8235179781913757,-0.19274179637432098,0.5494452118873596,0.6703411340713501,0.8879884481430054,-0.1533212810754776,0.6141231656074524,0.616327702999115,0.8172670006752014,-0.14195653796195984,0.5458263158798218,0.6083905696868896,0.6214523911476135,0.015974152833223343,0.9999452233314514,0.5205022096633911,0.5982312560081482,-0.01587633788585663,0.9999807476997375,0.6752133965492249,0.6941097378730774,0.3632824718952179,0.11517909169197083,0.41190749406814575,0.6468966603279114,0.2514210045337677,0.471384197473526,0.6480678915977478,0.6558467149734497,0.7931614518165588,0.17564135789871216,0.3457706570625305,0.5929480791091919,0.5721074342727661,0.5607985258102417,0.6336935758590698,0.6466564536094666,0.8430460095405579,0.2837908864021301,0.3376914858818054,0.5719565749168396,0.6073196530342102,0.5952946543693542,0.6489021182060242,0.6635305881500244,0.8779217600822449,0.07411671429872513,0.3189532160758972,0.6259939670562744,0.5966376066207886,0.2943623960018158,working
0.5652081370353699,0.8671292066574097,-0.44867992401123047,0.9963364601135254,0.5755182504653931,0.8685846924781799,-0.48209062218666077,0.9972959160804749,0.5824294686317444,0.8685767650604248,-0.4821188449859619,0.9971196055412292,0.5893248915672302,0.8683155179023743,-0.48212218284606934,0.9957422018051147,0.5541328191757202,0.8668962121009827,-0.4797075688838959,0.997933566570282,0.5469638705253601,0.8653218150138855,-0.4799298644065857,0.9981939792633057,0.5397502183914185,0.8635514974594116,-0.4801173210144043,0.9984323978424072,0.6025959253311157,0.845115065574646,-0.4891339838504791,0.9944556951522827,0.5284124612808228,0.8365121483802795,-0.4807635247707367,0.9991703033447266,0.576310396194458,0.8547869920730591,-0.4366513192653656,0.997077226638794,0.5544888377189636,0.8520740270614624,-0.4335065484046936,0.9986007809638977,0.6484934091567993,0.7824884057044983,-0.3582257628440857,0.9996441602706909,0.4810102581977844,0.7477501034736633,-0.38158851861953735,0.9999238848686218,0.6857488751411438,0.8172020316123962,-0.2141328603029251,0.8328990340232849,0.4776148796081543,0.7554953694343567,-0.2082267701625824,0.7303021550178528,0.6843969821929932,0.8584789633750916,-0.10639486461877823,0.7152647376060486,0.5351749658584595,0.8127292990684509,-0.06312389671802521,0.621337890625,0.6936641931533813,0.8665191531181335,-0.13304385542869568,0.6565216183662415,0.5320266485214233,0.8260077834129333,-0.08163440227508545,0.574407160282135,0.6749762892723083,0.8539097905158997,-0.14775146543979645,0.638911247253418,0.5523856282234192,0.8239775896072388,-0.11617007106542587,0.5491766333580017,0.6687787771224976,0.8510513305664062,-0.11182007938623428,0.5881302952766418,0.5607104897499084,0.8203021287918091,-0.07318076491355896,0.548463761806488,0.6101505756378174,0.6204000115394592,0.02252289652824402,0.9999473094940186,0.521117091178894,0.5794054865837097,-0.022412065416574478,0.9999818801879883,0.6592248678207397,0.6927562952041626,0.3959946930408478,0.11232331395149231,0.4284297525882721,0.6417354941368103,0.2925877571105957,0.4472302794456482,0.6186467409133911,0.6511322259902954,0.8642722964286804,0.17086465656757355,0.366193950176239,0.5749672651290894,0.7760128974914551,0.5460191965103149,0.6121807098388672,0.6361231207847595,0.9292713403701782,0.27777424454689026,0.35741618275642395,0.545278787612915,0.8365179300308228,0.5858871340751648,0.6002267003059387,0.6696478128433228,0.9996508359909058,0.0707162544131279,0.3266438841819763,0.6079114079475403,0.8743818402290344,0.27499517798423767,working
0.5545014142990112,0.8660549521446228,-0.4323806166648865,0.9966945052146912,0.56282639503479,0.8667370676994324,-0.4737223982810974,0.9975603818893433,0.568855345249176,0.8663514256477356,-0.4738190770149231,0.9974007606506348,0.5749390721321106,0.8656522035598755,-0.4738365113735199,0.9961602091789246,0.5440818667411804,0.8660474419593811,-0.4711492657661438,0.9981355667114258,0.5379838943481445,0.8649358749389648,-0.4712253510951996,0.998369574546814,0.5317957401275635,0.8633037805557251,-0.47129711508750916,0.998585045337677,0.5863161087036133,0.8431345224380493,-0.5072376728057861,0.9949952960014343,0.5224633812904358,0.8362056612968445,-0.4947514533996582,0.9992507100105286,0.564750075340271,0.8530070185661316,-0.42867493629455566,0.997366726398468,0.5451803803443909,0.8512603640556335,-0.4259558618068695,0.9987391829490662,0.6357608437538147,0.7885532379150391,-0.41974759101867676,0.999664306640625,0.48585763573646545,0.7500206828117371,-0.4300875663757324,0.9999290704727173,0.6863465309143066,0.861957311630249,-0.5344115495681763,0.848092257976532,0.4803946912288666,0.8025223016738892,-0.5643219351768494,0.7478005886077881,0.6739051938056946,0.9023135900497437,-0.7451478242874146,0.7405397891998291,0.5689655542373657,0.8384971618652344,-0.8145955801010132,0.6394342184066772,0.6721273064613342,0.9233394265174866,-0.8239009976387024,0.6843485832214355,0.5822216272354126,0.858288586139679,-0.895350456237793,0.5841730833053589,0.6626572012901306,0.9089725613594055,-0.822647750377655,0.6675369143486023,0.5978056192398071,0.8477754592895508,-0.9191228747367859,0.5569968819618225,0.6626805067062378,0.9025405049324036,-0.7528347969055176,0.6188965439796448,0.5956634879112244,0.8412286043167114,-0.8322296142578125,0.5581893920898438,0.6018915176391602,0.6159953474998474,0.03712647408246994,0.9999430775642395,0.5205322504043579,0.5722378492355347,-0.037026237696409225,0.999982476234436,0.6073400974273682,0.7074208855628967,0.40507569909095764,0.10667498409748077,0.4257708191871643,0.6403790712356567,0.1623896360397339,0.4736265540122986,0.603036642074585,0.6775855422019958,0.8561779856681824,0.16510778665542603,0.3477783799171448,0.5927169919013977,0.5008358359336853,0.5553357005119324,0.5986143350601196,0.6629427671432495,0.9034672975540161,0.27035287022590637,0.33661240339279175,0.5712098479270935,0.5373395681381226,0.5913684964179993,0.59983229637146,0.694495439529419,0.9212602376937866,0.07632139325141907,0.3268207907676697,0.6216277480125427,0.528323769569397,0.304372102022171,working
0.5446270704269409,0.8504810333251953,-0.5181530714035034,0.9969671368598938,0.5536123514175415,0.8532941937446594,-0.5561181306838989,0.9977609515190125,0.5595757961273193,0.8537045121192932,-0.5561472177505493,0.9976075887680054,0.5656147003173828,0.8539194464683533,-0.5561491847038269,0.9965007305145264,0.5358943939208984,0.8499318957328796,-0.5570610761642456,0.998285174369812,0.5299311876296997,0.8479151129722595,-0.5571218729019165,0.9984853267669678,0.5238864421844482,0.8457103967666626,-0.5571281909942627,0.9986972212791443,0.5787135362625122,0.8327785730361938,-0.5828026533126831,0.9953402280807495,0.5156799554824829,0.8202989101409912,-0.5888635516166687,0.9992983937263489,0.5548462867736816,0.8381459712982178,-0.5106052160263062,0.9975981116294861,0.5357848405838013,0.8344069719314575,-0.5122856497764587,0.9988430142402649,0.6320247650146484,0.7880666851997375,-0.4605342447757721,0.9996494650840759,0.4790826737880707,0.7397002577781677,-0.49986881017684937,0.9999254941940308,0.6688817739486694,0.8672717213630676,-0.4473956227302551,0.8555110692977905,0.4687301218509674,0.7985528111457825,-0.4569063186645508,0.7620946168899536,0.6765971779823303,0.9291327595710754,-0.5379970073699951,0.7611815929412842,0.5145176649093628,0.8698053359985352,-0.4861162602901459,0.6597474217414856,0.6841981410980225,0.9518629312515259,-0.607188880443573,0.7087164521217346,0.5106312036514282,0.8944485187530518,-0.5496734380722046,0.6089925765991211,0.6733280420303345,0.943259596824646,-0.6185742616653442,0.6932572722434998,0.5293785333633423,0.8883031606674194,-0.5831663012504578,0.5838601589202881,0.6685441136360168,0.9333885908126831,-0.5492950081825256,0.6464411020278931,0.5356141328811646,0.8785808682441711,-0.5037482380867004,0.5837750434875488,0.5995450615882874,0.6178245544433594,0.037788718938827515,0.9999422430992126,0.5153964757919312,0.5794277787208557,-0.03772520646452904,0.9999836087226868,0.6325743198394775,0.7446334362030029,0.38061439990997314,0.11115821450948715,0.39271801710128784,0.6402511596679688,0.13743053376674652,0.5146070718765259,0.6374679207801819,0.7666997313499451,0.7943624258041382,0.18507449328899384,0.310524582862854,0.5998715758323669,0.5001472234725952,0.5886207818984985,0.6359976530075073,0.7611654996871948,0.8380133509635925,0.27595993876457214,0.2865455448627472,0.5740569233894348,0.5399307608604431,0.614831268787384,0.6430036425590515,0.8040863871574402,0.8076075315475464,0.10206855088472366,0.2803695499897003,0.633300244808197,0.493242084980011,0.3536655306816101,working
0.5307992696762085,0.8475717902183533,-0.6656712293624878,0.997268557548523,0.5436615347862244,0.8394767642021179,-0.6869232058525085,0.9979839324951172,0.5507311224937439,0.840605616569519,-0.68706876039505,0.9978452324867249,0.5577994585037231,0.8414362668991089,-0.6872096061706543,0.996849536895752,0.5238722562789917,0.8313348293304443,-0.6935598850250244,0.9984560012817383,0.517511248588562,0.8266487717628479,-0.693646252155304,0.9986358284950256,0.5110375285148621,0.8217269778251648,-0.6937435269355774,0.9988269805908203,0.5758841037750244,0.8168824911117554,-0.6465450525283813,0.9958040118217468,0.505799412727356,0.7882297039031982,-0.6765344738960266,0.9993679523468018,0.5422492027282715,0.8376194834709167,-0.6348983645439148,0.9978376626968384,0.519808292388916,0.8309412002563477,-0.6434463262557983,0.9989580512046814,0.6351754069328308,0.7886927127838135,-0.4947475492954254,0.9996778964996338,0.47110146284103394,0.7031477093696594,-0.5639041662216187,0.9999313950538635,0.6741458773612976,0.8488286733627319,-0.48094096779823303,0.8690084218978882,0.3828049302101135,0.7747254967689514,-0.57631516456604,0.7857900261878967,0.6770874261856079,0.9238916039466858,-0.620819628238678,0.784173309803009,0.33514976501464844,0.8584514260292053,-0.7030175924301147,0.69370037317276,0.6907269954681396,0.9479063749313354,-0.6957640051841736,0.7368457913398743,0.312746524810791,0.8810662031173706,-0.7949126958847046,0.6478654742240906,0.6873534321784973,0.9385165572166443,-0.7211027145385742,0.7228302359580994,0.3294738829135895,0.8932374715805054,-0.8130647540092468,0.625210165977478,0.6801918745040894,0.9276621341705322,-0.6363776922225952,0.6788728833198547,0.3418201506137848,0.8865264058113098,-0.718618631362915,0.6249412298202515,0.5967786312103271,0.6193597912788391,0.040033064782619476,0.9999449849128723,0.5168487429618835,0.570201575756073,-0.040013354271650314,0.9999845623970032,0.6230407953262329,0.7753023505210876,0.3574219048023224,0.11664294451475143,0.4140855669975281,0.6925226449966431,0.1433345377445221,0.5327860713005066,0.6356881856918335,0.7282561659812927,0.8176406025886536,0.18861182034015656,0.3883495032787323,0.6195542216300964,0.6237281560897827,0.5681973695755005,0.6316914558410645,0.72481769323349,0.8685734868049622,0.2777177691459656,0.3913131058216095,0.5973132848739624,0.6755106449127197,0.5941020846366882,0.6257334351539612,0.7582734227180481,0.8822981119155884,0.10105027258396149,0.3517167568206787,0.6476112008094788,0.6791503429412842,0.33832916617393494,working
0.5189806222915649,0.8146136999130249,-0.7401756048202515,0.9975299835205078,0.5300559997558594,0.8004205226898193,-0.7527198195457458,0.9981712698936462,0.5360650420188904,0.8012471795082092,-0.7529608011245728,0.9980359673500061,0.5420814156532288,0.8017041087150574,-0.75310218334198,0.9971437454223633,0.5117919445037842,0.7942469716072083,-0.7581123113632202,0.9986039996147156,0.5057063102722168,0.7908003330230713,-0.7581490278244019,0.9987617135047913,0.49949461221694946,0.7871648073196411,-0.7583705186843872,0.9989375472068787,0.5560941100120544,0.7856980562210083,-0.6748522520065308,0.9961938261985779,0.4916200637817383,0.7637811303138733,-0.7007414698600769,0.999427080154419,0.527546763420105,0.8120937347412109,-0.6959910988807678,0.9980502128601074,0.5061546564102173,0.8071470856666565,-0.7036619186401367,0.9990596771240234,0.6187770366668701,0.7903615832328796,-0.5013183355331421,0.9997004866600037,0.45567646622657776,0.7123963832855225,-0.5698584914207458,0.9999374747276306,0.6741235256195068,0.8590191006660461,-0.5790442228317261,0.8817658424377441,0.3947359323501587,0.715050458908081,-0.6148422360420227,0.805936336517334,0.7101985812187195,0.9283260107040405,-0.7208907008171082,0.80547696352005,0.36522501707077026,0.7441173791885376,-0.744491457939148,0.7235604524612427,0.7371088266372681,0.950659990310669,-0.7861555814743042,0.762697160243988,0.34657925367355347,0.7502691745758057,-0.8247431516647339,0.6813790202140808,0.7185971140861511,0.9429592490196228,-0.8008483052253723,0.7500093579292297,0.36540141701698303,0.7670144438743591,-0.8443989753723145,0.6606573462486267,0.7041562795639038,0.9324045777320862,-0.7325439453125,0.7091392874717712,0.37793418765068054,0.7666506171226501,-0.7601572275161743,0.6593929529190063,0.580846905708313,0.6195621490478516,0.07101224362850189,0.9999486804008484,0.5075326561927795,0.5736850500106812,-0.07147481292486191,0.9999855756759644,0.521867573261261,0.7849739789962769,0.37779396772384644,0.15166862308979034,0.41084352135658264,0.722112774848938,-0.05699779465794563,0.5750135779380798,0.4786422848701477,0.7239025235176086,0.772464394569397,0.21049410104751587,0.40475863218307495,0.669800877571106,0.333646297454834,0.573981761932373,0.4782404899597168,0.7105783820152283,0.8090214729309082,0.29757070541381836,0.4126923084259033,0.6521767973899841,0.3729332685470581,0.5882554054260254,0.441702276468277,0.7419626712799072,0.8061111569404602,0.11758754402399063,0.37793809175491333,0.6960903406143188,0.3640550971031189,0.35779210925102234,working
0.5278021097183228,0.7781248688697815,-0.6840247511863708,0.9977385997772217,0.5348120927810669,0.7647693157196045,-0.7006510496139526,0.9983281493186951,0.5441871881484985,0.766211211681366,-0.7007768154144287,0.998180091381073,0.5530848503112793,0.7672766447067261,-0.7008308172225952,0.9973880052566528,0.5193807482719421,0.7575452327728271,-0.7027189135551453,0.998733401298523,0.5155969262123108,0.7537753582000732,-0.7028011083602905,0.9988697171211243,0.5107365846633911,0.7498615384101868,-0.7030162811279297,0.9990341663360596,0.5591553449630737,0.7507795095443726,-0.637349009513855,0.9964780807495117,0.5030917525291443,0.7266439199447632,-0.6497639417648315,0.9994766116142273,0.5404425859451294,0.778275191783905,-0.6450823545455933,0.9982370734214783,0.520153284072876,0.7708412408828735,-0.648577868938446,0.9991486668586731,0.6256006956100464,0.762370228767395,-0.46937426924705505,0.9997075200080872,0.44982296228408813,0.696101188659668,-0.5204334855079651,0.9999426603317261,0.669750452041626,0.8455023169517517,-0.4771187901496887,0.8885983228683472,0.38958197832107544,0.7420133352279663,-0.5209422707557678,0.8244689106941223,0.7017794251441956,0.9275805950164795,-0.61991947889328,0.823033332824707,0.37449273467063904,0.7976003289222717,-0.6502551436424255,0.7506800293922424,0.7249377965927124,0.9422646164894104,-0.6909209489822388,0.7834701538085938,0.36103811860084534,0.8114711046218872,-0.7401145100593567,0.7118161916732788,0.705974280834198,0.9333562254905701,-0.715636134147644,0.7719513177871704,0.378731906414032,0.8196929693222046,-0.7634235620498657,0.6931538581848145,0.6929694414138794,0.9237818121910095,-0.6356297135353088,0.731420636177063,0.388444721698761,0.8155339360237122,-0.6672661900520325,0.6916115283966064,0.5873626470565796,0.6109254956245422,0.06754963099956512,0.9999522566795349,0.4938035011291504,0.5748374462127686,-0.06800472736358643,0.9999867081642151,0.6158544421195984,0.7652812600135803,0.417363703250885,0.14933237433433533,0.41657429933547974,0.7645871043205261,0.03537159785628319,0.5994951725006104,0.6043901443481445,0.7141331434249878,0.8998748064041138,0.19573809206485748,0.42002901434898376,0.7078650593757629,0.47192883491516113,0.5379096269607544,0.6036832928657532,0.702538788318634,0.9514573216438293,0.2786094546318054,0.42819371819496155,0.6924864649772644,0.5200707316398621,0.5511521697044373,0.5998380780220032,0.685724139213562,0.9709879755973816,0.11375626176595688,0.40357694029808044,0.7274123430252075,0.5347174406051636,0.34304723143577576,working
0.5216760039329529,0.7279145121574402,0.2522537112236023,0.997636616230011,0.5164963603019714,0.7292019724845886,0.24275612831115723,0.9983450770378113,0.5153835415840149,0.7287766337394714,0.24268200993537903,0.9982083439826965,0.5140153169631958,0.7282701730728149,0.24254922568798065,0.9974604249000549,0.5192530155181885,0.7317197322845459,0.24769458174705505,0.9985851645469666,0.5187506675720215,0.7327568531036377,0.24765412509441376,0.9986996054649353,0.5163899660110474,0.733702540397644,0.24755840003490448,0.9987879395484924,0.5053154826164246,0.7282193899154663,0.23466137051582336,0.996700644493103,0.5072677135467529,0.7347488403320312,0.2575359642505646,0.9991779327392578,0.5197980999946594,0.7259810566902161,0.25631579756736755,0.9982768893241882,0.521399199962616,0.7283667325973511,0.2620217204093933,0.9989052414894104,0.4915730357170105,0.7254288196563721,0.21350423991680145,0.9996949434280396,0.5297980308532715,0.7299511432647705,0.2158304899930954,0.9999353289604187,0.4212978482246399,0.7162307500839233,0.05515877157449722,0.8150720000267029,0.5721359252929688,0.7842358946800232,0.07544446736574173,0.7766609191894531,0.3661467730998993,0.7181189060211182,-0.16926312446594238,0.7988452315330505,0.5836411714553833,0.8417984843254089,-0.14827021956443787,0.7552834153175354,0.35029470920562744,0.7136509418487549,-0.20055846869945526,0.7695001363754272,0.5913695693016052,0.8612220883369446,-0.18320077657699585,0.7257633209228516,0.3553897440433502,0.7212597727775574,-0.21355703473091125,0.7593702077865601,0.5824447870254517,0.862809419631958,-0.17625322937965393,0.7075365781784058,0.36180979013442993,0.7205997109413147,-0.17806577682495117,0.7205995917320251,0.5768621563911438,0.8549705743789673,-0.15045180916786194,0.7032310962677002,0.5113303661346436,0.5938125848770142,0.03774534910917282,0.9999556541442871,0.5119227766990662,0.5842073559761047,-0.0384620800614357,0.9999871850013733,0.4546268582344055,0.7841494679450989,0.044170040637254715,0.172929048538208,0.44640272855758667,0.7482844591140747,-0.11515915393829346,0.6061630845069885,0.4647999405860901,0.7106322646141052,-0.20549535751342773,0.19200851023197174,0.44341135025024414,0.701859712600708,-0.20351214706897736,0.49085819721221924,0.4743325710296631,0.6915057897567749,-0.23230543732643127,0.2973363697528839,0.44436174631118774,0.6886672973632812,-0.20693638920783997,0.5126872658729553,0.44686001539230347,0.6916295289993286,-0.2638145089149475,0.14971043169498444,0.4222783148288727,0.7124537229537964,-0.19402936100959778,0.3273698687553406,working
0.5078255534172058,0.7779317498207092,-0.22167328000068665,0.9690307974815369,0.5150612592697144,0.774860143661499,-0.2436455935239792,0.9666561484336853,0.5197628736495972,0.7751892805099487,-0.24375255405902863,0.965756893157959,0.5244153738021851,0.7753454446792603,-0.24376361072063446,0.9639045000076294,0.5014210939407349,0.7721431851387024,-0.25386911630630493,0.9756225943565369,0.4967048168182373,0.7704801559448242,-0.25394508242607117,0.9769421815872192,0.4916631579399109,0.7687413096427917,-0.2541847825050354,0.9778322577476501,0.5324526429176331,0.7643716335296631,-0.24489092826843262,0.970857560634613,0.4836603105068207,0.7551233768463135,-0.2895810306072235,0.9858546853065491,0.5141697525978088,0.770767867565155,-0.20862522721290588,0.9888007640838623,0.49821728467941284,0.7694694995880127,-0.22228708863258362,0.9892944693565369,0.566116988658905,0.7445679903030396,-0.14202557504177094,0.9995115399360657,0.4625932574272156,0.736094057559967,-0.25843992829322815,0.9999027252197266,0.5640425086021423,0.7890777587890625,-0.1519496589899063,0.7552124857902527,0.4209483563899994,0.7754894495010376,-0.26059722900390625,0.7708128690719604,0.566004753112793,0.8174458742141724,-0.26021572947502136,0.7803531885147095,0.43208011984825134,0.8287330865859985,-0.34921061992645264,0.7681092023849487,0.5742542743682861,0.822833240032196,-0.3036690354347229,0.7531887292861938,0.43003496527671814,0.8453506231307983,-0.40283122658729553,0.7407990097999573,0.5635489225387573,0.8186044692993164,-0.3191729784011841,0.7454286217689514,0.44520148634910583,0.849605917930603,-0.4205189347267151,0.7250714302062988,0.5573869943618774,0.8151019811630249,-0.2709655463695526,0.6998343467712402,0.4473138749599457,0.8416388034820557,-0.3601588010787964,0.7176035642623901,0.5501198172569275,0.5833410620689392,0.09332624077796936,0.9999550580978394,0.49726396799087524,0.5691802501678467,-0.09381962567567825,0.999985933303833,0.4997929036617279,0.7691913843154907,0.28039810061454773,0.17287932336330414,0.4081638753414154,0.7589439153671265,-0.041844695806503296,0.6275084018707275,0.47148099541664124,0.6958621740341187,0.5625842809677124,0.18118524551391602,0.42902976274490356,0.6959676146507263,0.311132550239563,0.4624742567539215,0.4736224114894867,0.6777862310409546,0.5938090682029724,0.27525007724761963,0.4318830966949463,0.6842867732048035,0.35175684094429016,0.4732227325439453,0.4429003596305847,0.6883077621459961,0.6012205481529236,0.14973275363445282,0.4086180329322815,0.6984487771987915,0.3820118010044098,0.32077547907829285,working
0.5219582915306091,0.7453542351722717,-0.691735029220581,0.9721192717552185,0.5324695110321045,0.7361761331558228,-0.7087363004684448,0.9699872136116028,0.5376194715499878,0.7372792363166809,-0.7087120413780212,0.9691771864891052,0.5428187251091003,0.7382843494415283,-0.7087754011154175,0.9675083160400391,0.5165070295333862,0.7304710149765015,-0.7073910236358643,0.9780575037002563,0.5114571452140808,0.7279578447341919,-0.7075921297073364,0.9792447090148926,0.5063791871070862,0.7254102826118469,-0.7076590061187744,0.9800456166267395,0.5531684160232544,0.7243418097496033,-0.6298331022262573,0.9737647175788879,0.49585166573524475,0.7065813541412354,-0.6248930096626282,0.987267017364502,0.5286646485328674,0.7432509064674377,-0.6451389789581299,0.9899143576622009,0.5121298432350159,0.737126350402832,-0.6442571878433228,0.9903610348701477,0.5979265570640564,0.7138746380805969,-0.42803534865379333,0.9995070695877075,0.4403260350227356,0.6551497578620911,-0.41026610136032104,0.9998689889907837,0.6519509553909302,0.7213679552078247,-0.24776272475719452,0.7701443433761597,0.4373374581336975,0.6549999713897705,-0.17203876376152039,0.7577027082443237,0.6633643507957458,0.8004506826400757,-0.18770213425159454,0.7954471111297607,0.455725759267807,0.7402419447898865,-0.07054855674505234,0.7539308667182922,0.685971736907959,0.8199802041053772,-0.21532490849494934,0.7709857225418091,0.44545039534568787,0.7549341320991516,-0.08744093030691147,0.7347484827041626,0.6781423687934875,0.819650411605835,-0.24366696178913116,0.7639113068580627,0.4630022644996643,0.7591903805732727,-0.12315572798252106,0.7199980616569519,0.6739598512649536,0.8151745200157166,-0.19675412774085999,0.718285858631134,0.4711538851261139,0.7550591230392456,-0.08099393546581268,0.710307776927948,0.5657596588134766,0.588204026222229,0.004757518880069256,0.9999129772186279,0.49334174394607544,0.5517047643661499,-0.0046755243092775345,0.9999487400054932,0.5736603736877441,0.735655665397644,0.2236274927854538,0.18423600494861603,0.45597171783447266,0.68497234582901,0.1830899566411972,0.6128353476524353,0.5679210424423218,0.6847323775291443,0.6650039553642273,0.17549152672290802,0.4659242630004883,0.6617772579193115,0.6539921164512634,0.430523544549942,0.5669556856155396,0.6731752157211304,0.7145366072654724,0.2616288959980011,0.47008007764816284,0.6512302756309509,0.7092388272285461,0.4407261610031128,0.565211832523346,0.6942427158355713,0.7300603985786438,0.1438451111316681,0.4603213667869568,0.6895855665206909,0.7371780872344971,0.29587191343307495,working
0.52144455909729,0.8055482506752014,-0.262572318315506,0.96568763256073,0.5299339294433594,0.810664176940918,-0.30751579999923706,0.9660075902938843,0.5349167585372925,0.8103624582290649,-0.3075805604457855,0.9640737175941467,0.5399667620658875,0.8099343180656433,-0.30757254362106323,0.9599881768226624,0.5138309001922607,0.8113049864768982,-0.3008035123348236,0.972970724105835,0.5082914233207703,0.8113693594932556,-0.3009083569049835,0.9735576510429382,0.5026633739471436,0.8113047480583191,-0.3010868430137634,0.9750927686691284,0.5488770008087158,0.796660304069519,-0.38946810364723206,0.9618356227874756,0.4918205142021179,0.7975019216537476,-0.3603442311286926,0.9826712608337402,0.5283387303352356,0.7924290895462036,-0.276411235332489,0.9872903823852539,0.5117316842079163,0.7928349375724792,-0.2680072784423828,0.9890623092651367,0.5974577069282532,0.753779947757721,-0.2968987822532654,0.9993680119514465,0.4364829957485199,0.7248243093490601,-0.2936590313911438,0.999857485294342,0.6407166719436646,0.7495900988578796,-0.12445815652608871,0.731511652469635,0.4435322880744934,0.685660719871521,-0.08962397277355194,0.6925457119941711,0.6490623354911804,0.8033552765846252,0.021142739802598953,0.7817124128341675,0.500523567199707,0.7380356192588806,0.06314486265182495,0.6866604089736938,0.6647230386734009,0.8159329295158386,0.0019250281620770693,0.7578961253166199,0.504662036895752,0.7468146681785583,0.05688512325286865,0.6699892282485962,0.6709487438201904,0.8196007013320923,-0.013958051800727844,0.7528797388076782,0.5212339162826538,0.748397707939148,0.018236132338643074,0.6571065783500671,0.6391580104827881,0.8147926330566406,0.016935255378484726,0.7063405513763428,0.5235356688499451,0.7455024123191833,0.05051374435424805,0.6512108445167542,0.5657409429550171,0.5882036089897156,0.032387252897024155,0.9999061226844788,0.4915347099304199,0.5591237545013428,-0.03258442133665085,0.999951183795929,0.5912772417068481,0.7226619124412537,0.36353611946105957,0.17453692853450775,0.4054643213748932,0.6474155783653259,0.1559145301580429,0.5938679575920105,0.5791904330253601,0.6656714677810669,0.8399583697319031,0.17474928498268127,0.336203008890152,0.5984960198402405,0.5465656518936157,0.42659708857536316,0.5746470093727112,0.6557603478431702,0.8948493003845215,0.25389453768730164,0.3293537199497223,0.5817940831184387,0.5907873511314392,0.43255192041397095,0.576296865940094,0.6622629165649414,0.9193081855773926,0.14200878143310547,0.30584973096847534,0.6208279132843018,0.5921795964241028,0.28556373715400696,working
0.5214629769325256,0.8099467754364014,-0.3113941550254822,0.9688246846199036,0.5287526249885559,0.8137317299842834,-0.43141722679138184,0.9692399501800537,0.5325817465782166,0.8144850134849548,-0.4312906861305237,0.9674428105354309,0.5362958908081055,0.8151145577430725,-0.4301068186759949,0.9636574983596802,0.5145103931427002,0.8104225397109985,-0.3500503599643707,0.9755733609199524,0.5103926062583923,0.8090137243270874,-0.3499079942703247,0.9760870337486267,0.5065425634384155,0.8075257539749146,-0.348747581243515,0.9774568676948547,0.5450800657272339,0.8030336499214172,-0.5128048658370972,0.9652031064033508,0.5010421276092529,0.7919266223907471,-0.3813024163246155,0.984291136264801,0.5280622243881226,0.7994040250778198,-0.3195417523384094,0.987892746925354,0.5142747759819031,0.7967216968536377,-0.34841305017471313,0.9895972013473511,0.596777081489563,0.769961416721344,-0.3655015826225281,0.9992324709892273,0.4517366290092468,0.7279382348060608,-0.4008272588253021,0.9997714161872864,0.6062238216400146,0.7674143314361572,-0.13316097855567932,0.6688166856765747,0.4377092719078064,0.7063756585121155,-0.15968762338161469,0.655550479888916,0.586126446723938,0.7951396703720093,0.07172176986932755,0.7171679735183716,0.4717411994934082,0.7377188801765442,0.03681827336549759,0.6362950205802917,0.5919641852378845,0.8018999099731445,0.07769741117954254,0.6983307600021362,0.4774248003959656,0.7414480447769165,0.04132600873708725,0.6238637566566467,0.5799275040626526,0.796739399433136,0.05350270867347717,0.6945154666900635,0.48606300354003906,0.740771472454071,0.015324806794524193,0.6119980216026306,0.5714610815048218,0.7919588685035706,0.06716000288724899,0.650457501411438,0.487506240606308,0.740043044090271,0.03239796310663223,0.6048471927642822,0.566909909248352,0.5884140729904175,0.024736475199460983,0.9998902082443237,0.500991940498352,0.5585378408432007,-0.024912690743803978,0.9999356269836426,0.590257465839386,0.7015005350112915,0.29027968645095825,0.16419607400894165,0.44427791237831116,0.656593382358551,0.18477657437324524,0.5477188229560852,0.5474762320518494,0.6493595838546753,0.7616585493087769,0.16008013486862183,0.4319080710411072,0.6223666071891785,0.721685528755188,0.3869645595550537,0.5393410325050354,0.6415591835975647,0.8175641298294067,0.23231053352355957,0.4261564314365387,0.608842134475708,0.783288836479187,0.3941315710544586,0.5415683388710022,0.6437126994132996,0.8690282702445984,0.1306508481502533,0.42329472303390503,0.641367495059967,0.8462830781936646,0.25920942425727844,working
0.5430828332901001,0.7961233854293823,-0.532749354839325,0.9718897938728333,0.5489038825035095,0.7963007092475891,-0.5677112340927124,0.9722899794578552,0.5525505542755127,0.7966739535331726,-0.567686915397644,0.9706668853759766,0.5561990737915039,0.796929657459259,-0.5676676034927368,0.967245876789093,0.5358702540397644,0.7938501834869385,-0.5544377565383911,0.9779956340789795,0.5311112403869629,0.7925683259963989,-0.5545729994773865,0.9784560203552246,0.5263904333114624,0.7911857962608337,-0.5545830726623535,0.9796895980834961,0.5603698492050171,0.7834782004356384,-0.5537554025650024,0.9686291813850403,0.5147026777267456,0.7748538255691528,-0.510733962059021,0.985847532749176,0.5459166765213013,0.7867882251739502,-0.5086580514907837,0.9890490174293518,0.5324200391769409,0.7843284010887146,-0.5029125213623047,0.9905908107757568,0.6052157878875732,0.7605397701263428,-0.3752555847167969,0.999260663986206,0.45411771535873413,0.7110951542854309,-0.39135342836380005,0.9997807145118713,0.6194788813591003,0.8027498722076416,-0.17593318223953247,0.6368606686592102,0.42971333861351013,0.6928269863128662,-0.15825901925563812,0.6410170197486877,0.6155580282211304,0.8645264506340027,-0.03469420224428177,0.6986455321311951,0.4642009139060974,0.7366243600845337,0.004623218905180693,0.6010414361953735,0.6299833655357361,0.8804722428321838,-0.046744413673877716,0.6772063374519348,0.46798568964004517,0.7427391409873962,-0.0031333533115684986,0.587734580039978,0.6171649098396301,0.8721446394920349,-0.07071714103221893,0.6760790944099426,0.48556575179100037,0.7425337433815002,-0.037870991975069046,0.5785256624221802,0.6076788306236267,0.8638378381729126,-0.04141375422477722,0.6293159127235413,0.48597288131713867,0.7400672435760498,-0.005242965649813414,0.5745909810066223,0.5725400447845459,0.5908190608024597,0.03008073940873146,0.9998921155929565,0.5002361536026001,0.5657207369804382,-0.03041106089949608,0.9999377131462097,0.5865526795387268,0.7140730619430542,0.3026481568813324,0.15821577608585358,0.44461554288864136,0.6542685031890869,0.16799992322921753,0.5206990838050842,0.5505481362342834,0.6533270478248596,0.7327345609664917,0.15452046692371368,0.42412757873535156,0.615768551826477,0.6279057264328003,0.3605743944644928,0.5447865128517151,0.6413838863372803,0.7846185564994812,0.2212912142276764,0.4234464168548584,0.6045259237289429,0.6801789402961731,0.367788165807724,0.5393526554107666,0.653239369392395,0.820550262928009,0.12615977227687836,0.40486446022987366,0.6366698145866394,0.725732684135437,0.23903930187225342,working
0.5388495326042175,0.78978031873703,-0.68036949634552,0.9746451377868652,0.5456793904304504,0.7869319915771484,-0.6991562843322754,0.975034236907959,0.5497142672538757,0.7875622510910034,-0.6991472244262695,0.9735610485076904,0.553768515586853,0.7880605459213257,-0.699318528175354,0.9704723358154297,0.532111406326294,0.7833731174468994,-0.6941247582435608,0.9801790118217468,0.5274584889411926,0.7816428542137146,-0.6943382620811462,0.9805898070335388,0.5227840542793274,0.7798532247543335,-0.6944609880447388,0.9817017316818237,0.5598667860031128,0.774379312992096,-0.63116055727005,0.9716706275939941,0.5117955207824707,0.7627169489860535,-0.6087061166763306,0.9872452616691589,0.5432475805282593,0.7819637060165405,-0.63672935962677,0.9900463819503784,0.5294108390808105,0.7784555554389954,-0.6316207647323608,0.9914619326591492,0.607627272605896,0.7532742023468018,-0.4119473397731781,0.9992684125900269,0.4524669051170349,0.7017523646354675,-0.4263710379600525,0.9997797012329102,0.623042643070221,0.7307469844818115,-0.1434105783700943,0.5949221253395081,0.421796977519989,0.6614628434181213,-0.18566428124904633,0.6530682444572449,0.6155586242675781,0.7791896462440491,0.057650189846754074,0.6483714580535889,0.4171236455440521,0.6848379373550415,-0.05762765556573868,0.5884205102920532,0.6256737112998962,0.7919293642044067,0.05543403699994087,0.6406601071357727,0.4059302806854248,0.6836783289909363,-0.07532530277967453,0.583250105381012,0.6078448295593262,0.7874463796615601,0.019426118582487106,0.6399015784263611,0.4158496856689453,0.6886793375015259,-0.10251814126968384,0.5724383592605591,0.5986922383308411,0.7819482684135437,0.04927105829119682,0.5927154421806335,0.4241918623447418,0.6900528073310852,-0.06492339074611664,0.5626880526542664,0.5716686844825745,0.585702121257782,0.0025460724718868732,0.9998915195465088,0.4946325421333313,0.5666465163230896,-0.002548008691519499,0.9999307990074158,0.5935479402542114,0.7149040102958679,0.23537304997444153,0.17369166016578674,0.47145381569862366,0.6598556041717529,0.2183411568403244,0.4810331165790558,0.564533531665802,0.648417592048645,0.7522035241127014,0.14844730496406555,0.4844369888305664,0.625442624092102,0.7894107103347778,0.32877013087272644,0.5540412664413452,0.6335315704345703,0.8141387104988098,0.21334663033485413,0.48623284697532654,0.6138864755630493,0.8539221882820129,0.3370805084705353,0.5647675395011902,0.6561736464500427,0.8729424476623535,0.1193661019206047,0.485893189907074,0.6450266242027283,0.9128780364990234,0.21737948060035706,working
0.5389119386672974,0.8002109527587891,-0.6668099761009216,0.9771507978439331,0.5461797118186951,0.7980640530586243,-0.692544162273407,0.9775185585021973,0.5508681535720825,0.7986266016960144,-0.6925416588783264,0.9761906862258911,0.5556278228759766,0.7990062832832336,-0.6926389932632446,0.9734026789665222,0.5308984518051147,0.7944198250770569,-0.6877590417861938,0.9821521639823914,0.5257240533828735,0.7925626039505005,-0.6879369020462036,0.9825215339660645,0.5206257104873657,0.7905476689338684,-0.688040554523468,0.9835217595100403,0.5623918771743774,0.7836636304855347,-0.6409268379211426,0.9744805693626404,0.5098537802696228,0.7717099785804749,-0.6205263137817383,0.9885165691375732,0.543908953666687,0.791431188583374,-0.6290388703346252,0.9910202026367188,0.5279137492179871,0.7879283428192139,-0.623624324798584,0.9922989010810852,0.6130571961402893,0.7614966630935669,-0.4139211177825928,0.999319851398468,0.4493947923183441,0.7028539776802063,-0.44590458273887634,0.999791145324707,0.625566303730011,0.8237361311912537,-0.20580461621284485,0.6134847402572632,0.4127582609653473,0.6801382303237915,-0.20438531041145325,0.6615559458732605,0.6311086416244507,0.8997799158096313,-0.031028756871819496,0.6639019250869751,0.42952069640159607,0.7147077918052673,-0.07101620733737946,0.5818120837211609,0.6450105905532837,0.9222331643104553,-0.05463353544473648,0.6495650410652161,0.42098480463027954,0.7228490114212036,-0.09242317080497742,0.5696502327919006,0.6107944250106812,0.9101913571357727,-0.08882348239421844,0.6497586369514465,0.4359684884548187,0.7184099555015564,-0.13072088360786438,0.5606371164321899,0.6079226136207581,0.9006214737892151,-0.045700397342443466,0.5990636348724365,0.4435115456581116,0.7147904634475708,-0.08307293057441711,0.55361407995224,0.5729736089706421,0.5871447920799255,0.03505641594529152,0.9998981356620789,0.4924672245979309,0.5662134289741516,-0.03530077263712883,0.9999350309371948,0.5985196232795715,0.729013204574585,0.31234627962112427,0.1719578206539154,0.4573391377925873,0.666015088558197,0.15350079536437988,0.47742733359336853,0.5663027167320251,0.6558889746665955,0.8127710223197937,0.1405828595161438,0.4498522877693176,0.6276167035102844,0.7292749285697937,0.3058384954929352,0.5563920736312866,0.6454461812973022,0.8702098727226257,0.20178644359111786,0.45386481285095215,0.6176784634590149,0.7807853817939758,0.31642264127731323,0.5642127990722656,0.6597747206687927,0.9056240916252136,0.11486206203699112,0.439070463180542,0.6490060091018677,0.8205607533454895,0.20224010944366455,working
0.5349616408348083,0.8071080446243286,-0.5500732064247131,0.979316771030426,0.5411182045936584,0.8069613575935364,-0.5723872184753418,0.9796993136405945,0.5451553463935852,0.8072203397750854,-0.5723929405212402,0.9784745573997498,0.5492534041404724,0.8073700666427612,-0.5725206136703491,0.9759386777877808,0.5275364518165588,0.8043486475944519,-0.5699299573898315,0.9838953018188477,0.5229411125183105,0.8028446435928345,-0.5701755285263062,0.9842193126678467,0.5183390378952026,0.8013226389884949,-0.5703255534172058,0.9851230978965759,0.5566812753677368,0.7919592261314392,-0.5410836338996887,0.9768410325050354,0.5091015100479126,0.7836287617683411,-0.5300227999687195,0.9896268844604492,0.5399618744850159,0.7958595752716064,-0.5216314792633057,0.9917731285095215,0.5260071754455566,0.793554961681366,-0.5186406373977661,0.9929701685905457,0.6098500490188599,0.757735013961792,-0.3644852936267853,0.9992412328720093,0.4447706341743469,0.7159779667854309,-0.3726135194301605,0.9997643232345581,0.6216166615486145,0.7344216704368591,-0.08474373817443848,0.5634226202964783,0.4245084822177887,0.6685556173324585,-0.13408052921295166,0.6240195035934448,0.6088822484016418,0.7781097888946533,0.1636868417263031,0.6070716977119446,0.439105361700058,0.7070490717887878,0.0580575168132782,0.5351198315620422,0.6199897527694702,0.7875432372093201,0.17083464562892914,0.5994657874107361,0.4334676265716553,0.7129303216934204,0.05745871737599373,0.5282163619995117,0.5991737842559814,0.7882431745529175,0.14163365960121155,0.5995377898216248,0.44357752799987793,0.7155286073684692,0.028743084520101547,0.5193794965744019,0.5901154279708862,0.783614993095398,0.158531054854393,0.5521621704101562,0.44763845205307007,0.7143042087554932,0.05104263871908188,0.51241135597229,0.5728811025619507,0.5855042338371277,0.019990740343928337,0.999886691570282,0.48840242624282837,0.5673433542251587,-0.020234769210219383,0.9999231696128845,0.6008673310279846,0.7289788722991943,0.24042460322380066,0.17958645522594452,0.4608336091041565,0.6917340159416199,0.16128002107143402,0.44617176055908203,0.5746868252754211,0.6579064726829529,0.7179269790649414,0.13706061244010925,0.4659841060638428,0.6481429934501648,0.7151232957839966,0.2799934148788452,0.5652419328689575,0.6446646451950073,0.77544105052948,0.19396474957466125,0.465602308511734,0.6322511434555054,0.7737957835197449,0.2921135127544403,0.5763024091720581,0.6651777625083923,0.8405529260635376,0.10913947224617004,0.47033023834228516,0.6730454564094543,0.8290057182312012,0.18451033532619476,working
0.526301920413971,0.8257503509521484,-0.4082115590572357,0.9804677367210388,0.5334542989730835,0.8273093104362488,-0.43686389923095703,0.9809424877166748,0.5376850366592407,0.8271780610084534,-0.43691492080688477,0.9796343445777893,0.5419449210166931,0.8269397616386414,-0.4369876980781555,0.977094292640686,0.5202089548110962,0.8247749209403992,-0.43376073241233826,0.9849988222122192,0.515809178352356,0.8229489922523499,-0.43395566940307617,0.9852562546730042,0.5113760828971863,0.8211275935173035,-0.4341622292995453,0.9861108660697937,0.5514172315597534,0.8073293566703796,-0.44638705253601074,0.9779818058013916,0.5039867758750916,0.7987664937973022,-0.4335758686065674,0.9903791546821594,0.5315120816230774,0.8115962147712708,-0.3972925543785095,0.9920739531517029,0.5184581875801086,0.8097116947174072,-0.39364856481552124,0.9932431578636169,0.6003748178482056,0.7619088888168335,-0.31693875789642334,0.9989860653877258,0.4447454512119293,0.7156869769096375,-0.33922815322875977,0.9997246265411377,0.6174858808517456,0.7807184457778931,-0.0959969311952591,0.5435833930969238,0.4212006628513336,0.6669877767562866,-0.1196366548538208,0.5874858498573303,0.6476038694381714,0.8729941844940186,0.12257994711399078,0.5965638160705566,0.43990617990493774,0.7067263722419739,0.05445330590009689,0.49048832058906555,0.6551592350006104,0.8586379885673523,0.11930783838033676,0.5957105755805969,0.4394398331642151,0.708462655544281,0.04636517912149429,0.48877668380737305,0.6318680644035339,0.8604944944381714,0.09893448650836945,0.5975290536880493,0.4516623616218567,0.7145942449569702,0.01158638671040535,0.4812384247779846,0.6135414242744446,0.855654776096344,0.11871795356273651,0.5468223690986633,0.4534805715084076,0.7151800394058228,0.043326668441295624,0.4770684838294983,0.5654073357582092,0.5812475681304932,0.029276806861162186,0.9998806118965149,0.4835241436958313,0.5664485692977905,-0.02957194671034813,0.9999182224273682,0.5801841020584106,0.7051118612289429,0.2692049741744995,0.17313510179519653,0.4427475333213806,0.6704810857772827,0.1847955286502838,0.41830945014953613,0.5492675304412842,0.6350796818733215,0.7186930775642395,0.13742861151695251,0.4197317957878113,0.6216387152671814,0.7091431617736816,0.2601376175880432,0.5419318675994873,0.6186329126358032,0.7740275859832764,0.19457559287548065,0.418891966342926,0.6070244312286377,0.7617262601852417,0.2755947411060333,0.5412201285362244,0.6436226963996887,0.8365478515625,0.10517874360084534,0.4053971767425537,0.6372209191322327,0.8253897428512573,0.1689804047346115,working
0.5003960132598877,0.8177915215492249,-0.437765896320343,0.9816263318061829,0.508440375328064,0.8190010190010071,-0.466228187084198,0.9825079441070557,0.5124848484992981,0.8192362189292908,-0.4662253260612488,0.9811868071556091,0.5166168212890625,0.8193439841270447,-0.46631836891174316,0.9789053201675415,0.4955988824367523,0.8157015442848206,-0.4655117988586426,0.9861710071563721,0.4912656843662262,0.8136556148529053,-0.46574535965919495,0.9863114953041077,0.4868754744529724,0.8115838170051575,-0.4659198224544525,0.9872013330459595,0.5263229608535767,0.801594614982605,-0.47669467329978943,0.9795472621917725,0.4807577133178711,0.7903764843940735,-0.4745517671108246,0.9910653829574585,0.5056844353675842,0.8051974773406982,-0.42764297127723694,0.9925283193588257,0.4928816258907318,0.8023608922958374,-0.42705291509628296,0.9935762882232666,0.5721517205238342,0.7584302425384521,-0.32934531569480896,0.9988988637924194,0.4324873089790344,0.7126842737197876,-0.36388537287712097,0.9996828436851501,0.5654653906822205,0.6979860067367554,-0.08214998990297318,0.4925362467765808,0.4210886061191559,0.6576756238937378,-0.13563622534275055,0.5375728011131287,0.5486270189285278,0.7006210684776306,0.14443466067314148,0.5417437553405762,0.4414214491844177,0.7095537781715393,0.08886166661977768,0.44477924704551697,0.5561050772666931,0.6932346224784851,0.15463021397590637,0.5437204837799072,0.4408509135246277,0.7139789462089539,0.09803705662488937,0.44546210765838623,0.5433632731437683,0.6954788565635681,0.12954720854759216,0.5453281998634338,0.4533870816230774,0.7193803191184998,0.0644083246588707,0.4386449158191681,0.5353980660438538,0.6967223882675171,0.14078040421009064,0.4991113245487213,0.4543682038784027,0.7191036939620972,0.08078967779874802,0.43586763739585876,0.5452020764350891,0.5771218538284302,0.03601635619997978,0.9998555183410645,0.4651341438293457,0.5447152853012085,-0.036206670105457306,0.9999102354049683,0.5511305332183838,0.687566876411438,0.31729453802108765,0.16543877124786377,0.41133394837379456,0.6401740908622742,0.17274083197116852,0.39511042833328247,0.4976995587348938,0.6171998977661133,0.7031069993972778,0.13184425234794617,0.37608036398887634,0.5944543480873108,0.6577507853507996,0.23926058411598206,0.48995518684387207,0.5995725989341736,0.7489824891090393,0.1849912852048874,0.37347203493118286,0.5826965570449829,0.7129629850387573,0.254271924495697,0.47203025221824646,0.6268837451934814,0.7886321544647217,0.10027232021093369,0.34908321499824524,0.6077038645744324,0.7692047357559204,0.1548110991716385,working
0.49197888374328613,0.8211825489997864,-0.45331844687461853,0.9815654158592224,0.501017153263092,0.8188580870628357,-0.4782019257545471,0.9833686351776123,0.5058194398880005,0.8183500170707703,-0.4782336354255676,0.9819322228431702,0.5106809139251709,0.8177506327629089,-0.4783235490322113,0.9797683954238892,0.4861725866794586,0.8172119855880737,-0.4750639796257019,0.986818790435791,0.4812033176422119,0.8155460357666016,-0.4753046929836273,0.9868890643119812,0.47615495324134827,0.813875138759613,-0.4754912257194519,0.9877851605415344,0.5197969675064087,0.7964912056922913,-0.47770795226097107,0.9795988202095032,0.46604079008102417,0.7901414036750793,-0.4645898938179016,0.9913941621780396,0.49729984998703003,0.8071013689041138,-0.43970757722854614,0.9921678900718689,0.48226791620254517,0.805709958076477,-0.4359627366065979,0.9934366345405579,0.5639199614524841,0.7515442371368408,-0.3399299085140228,0.9981399774551392,0.4017825126647949,0.715721070766449,-0.3390306234359741,0.9994702339172363,0.5799111127853394,0.7128104567527771,-0.10502240806818008,0.4517364799976349,0.39472562074661255,0.6965044140815735,-0.09916125237941742,0.5094449520111084,0.5659884214401245,0.7206192016601562,0.09119407832622528,0.5055010914802551,0.43720221519470215,0.7541759014129639,0.09385082870721817,0.4181036055088043,0.5761691331863403,0.7390865087509155,0.08686425536870956,0.5158416628837585,0.4376247823238373,0.7621505260467529,0.09125617146492004,0.42463240027427673,0.5593546628952026,0.7408590912818909,0.05574335902929306,0.5194303393363953,0.4529441297054291,0.761543869972229,0.05156572908163071,0.4204411506652832,0.55077064037323,0.7402728796005249,0.08334382623434067,0.47655314207077026,0.45557016134262085,0.7592436671257019,0.08234988152980804,0.42045432329177856,0.5218319296836853,0.5695504546165466,0.023032184690237045,0.9998227953910828,0.4381353259086609,0.546788215637207,-0.02317502722144127,0.9998805522918701,0.5433338284492493,0.6960017681121826,0.16814683377742767,0.16142216324806213,0.41680583357810974,0.6741445660591125,0.12238842248916626,0.3700742721557617,0.497048556804657,0.6278477907180786,0.5943905115127563,0.12185907363891602,0.3995530605316162,0.6429493427276611,0.6129885911941528,0.2179989069700241,0.48609858751296997,0.60324627161026,0.6449516415596008,0.1705234944820404,0.3959850072860718,0.6325406432151794,0.66903156042099,0.23314669728279114,0.4887111186981201,0.6374253630638123,0.6916359066963196,0.093393974006176,0.38665473461151123,0.6581658124923706,0.7280257940292358,0.14122803509235382,working
0.48842447996139526,0.8035059571266174,-0.9086389541625977,0.9834033846855164,0.49734601378440857,0.7850030660629272,-0.9129638671875,0.9850292801856995,0.5029841661453247,0.7829582691192627,-0.9130101203918457,0.9837351441383362,0.5086529850959778,0.7806757688522339,-0.9131399989128113,0.9817880392074585,0.48089995980262756,0.7865864038467407,-0.914993405342102,0.9881351590156555,0.4755696654319763,0.7855278253555298,-0.9151436686515808,0.988197922706604,0.470177561044693,0.7843788862228394,-0.9151716232299805,0.9890050292015076,0.5188818573951721,0.7491443157196045,-0.7846962213516235,0.9816312193870544,0.4593160152435303,0.7554861903190613,-0.7964987754821777,0.9922534227371216,0.49574869871139526,0.7922035455703735,-0.845617413520813,0.9929457902908325,0.4785042703151703,0.7944815158843994,-0.8488816022872925,0.9940890073776245,0.5660799145698547,0.713382363319397,-0.5623940229415894,0.9982243180274963,0.39883431792259216,0.7064516544342041,-0.5781720876693726,0.9994814395904541,0.5940881967544556,0.8110960721969604,-0.5386291742324829,0.501956045627594,0.3900810480117798,0.7981262803077698,-0.5474851727485657,0.5474722981452942,0.6557254791259766,0.9126741886138916,-0.6796146631240845,0.5528557896614075,0.4390690326690674,0.8711579442024231,-0.6974092125892639,0.47137251496315,0.6531087160110474,0.9423158168792725,-0.765834391117096,0.5609331130981445,0.43696942925453186,0.8971120119094849,-0.7839342355728149,0.47565358877182007,0.6324055790901184,0.936823308467865,-0.7912653684616089,0.5643258690834045,0.45364460349082947,0.8846781849861145,-0.8198668360710144,0.47218024730682373,0.619279146194458,0.9257704019546509,-0.6982940435409546,0.5237977504730225,0.4568478465080261,0.8748865127563477,-0.7188894748687744,0.4705705940723419,0.5136688947677612,0.5547177195549011,0.022861367091536522,0.9998286366462708,0.4250895082950592,0.5484331846237183,-0.02301824279129505,0.9998838901519775,0.5505763292312622,0.6980120539665222,0.2006940394639969,0.1650160700082779,0.4169597625732422,0.6806265115737915,0.13934102654457092,0.37382176518440247,0.5126408338546753,0.6568469405174255,0.8049700856208801,0.11277985572814941,0.4030226767063141,0.6552390456199646,0.8006010055541992,0.19979549944400787,0.5015748739242554,0.6525677442550659,0.8658062219619751,0.15665721893310547,0.41027259826660156,0.6474072337150574,0.8721894025802612,0.2137807309627533,0.5085872411727905,0.658622682094574,0.8740124702453613,0.09621551632881165,0.4091200828552246,0.6680490374565125,0.8992168307304382,0.13661454617977142,working
0.46709689497947693,0.8090428709983826,-0.7539286613464355,0.9848023056983948,0.47687044739723206,0.7975126504898071,-0.8057475090026855,0.986430823802948,0.48282796144485474,0.7957004904747009,-0.805763840675354,0.9852467179298401,0.4888240396976471,0.7936654686927795,-0.805864691734314,0.9834497570991516,0.459757000207901,0.798656165599823,-0.7781763672828674,0.9892094731330872,0.45422372221946716,0.797711193561554,-0.7781733274459839,0.9892615079879761,0.44861164689064026,0.7967039346694946,-0.7791029810905457,0.9900031685829163,0.5115479230880737,0.7613312602043152,-0.6973416209220886,0.9832367897033691,0.438950777053833,0.7702065706253052,-0.7133391499519348,0.9929536581039429,0.4757963716983795,0.7957079410552979,-0.7251838445663452,0.9934437870979309,0.45791059732437134,0.7967039346694946,-0.7018815279006958,0.9945144653320312,0.5471712350845337,0.7148122191429138,-0.4087049961090088,0.9978787899017334,0.37674298882484436,0.7114326357841492,-0.532749354839325,0.9992127418518066,0.5525539517402649,0.7696136236190796,-0.16140279173851013,0.46408793330192566,0.3629152476787567,0.7589890360832214,-0.21775119006633759,0.5443777441978455,0.5249884128570557,0.8120924234390259,-0.03081798180937767,0.5081707835197449,0.4115715026855469,0.82210373878479,-0.044433124363422394,0.46684736013412476,0.5263161659240723,0.8270154595375061,-0.04530829191207886,0.5183708667755127,0.4134746491909027,0.8401712775230408,-0.06625206023454666,0.47375959157943726,0.5126034021377563,0.8179404139518738,-0.09245658665895462,0.5228079557418823,0.4281877875328064,0.8325032591819763,-0.10503792762756348,0.4718850553035736,0.5065540075302124,0.8121798634529114,-0.04660589620471001,0.4866686463356018,0.43203407526016235,0.8247691988945007,-0.05615261197090149,0.4716053605079651,0.4910873770713806,0.5467531085014343,0.022681323811411858,0.9997919201850891,0.39882326126098633,0.5343612432479858,-0.022861985489726067,0.9998711943626404,0.5528624653816223,0.6942638754844666,0.21154585480690002,0.1704389601945877,0.38186582922935486,0.6812765002250671,0.12877953052520752,0.3813774883747101,0.50658118724823,0.6502775549888611,0.719444751739502,0.10587037354707718,0.3671131730079651,0.6521621346473694,0.7848830223083496,0.1898355484008789,0.49637550115585327,0.649118959903717,0.7781559228897095,0.14663124084472656,0.36949002742767334,0.6434873342514038,0.8188808560371399,0.20860114693641663,0.49971598386764526,0.6370324492454529,0.8119986653327942,0.09166514128446579,0.3559805154800415,0.6634729504585266,0.8381974101066589,0.13085494935512543,working
0.47548961639404297,0.8144586682319641,-0.31107836961746216,0.9822954535484314,0.486763060092926,0.8144353032112122,-0.34719640016555786,0.9855915307998657,0.49240022897720337,0.8131324052810669,-0.34723275899887085,0.9843217730522156,0.49805378913879395,0.8116511106491089,-0.34724733233451843,0.9821112155914307,0.47053414583206177,0.815804660320282,-0.34915101528167725,0.9875361323356628,0.4651697278022766,0.8152883648872375,-0.34927570819854736,0.9872477650642395,0.4597250819206238,0.8147737383842468,-0.34945717453956604,0.9884111881256104,0.5103954076766968,0.7866178750991821,-0.39679789543151855,0.9812547564506531,0.45046862959861755,0.7926076650619507,-0.410661518573761,0.9918361902236938,0.48128995299339294,0.7993687391281128,-0.31614962220191956,0.9915697574615479,0.46481195092201233,0.8003102540969849,-0.3192746937274933,0.9924833178520203,0.5391672849655151,0.7196930646896362,-0.29810580611228943,0.9978998899459839,0.390215665102005,0.723333477973938,-0.3870011866092682,0.999239981174469,0.5385134220123291,0.7150851488113403,-0.1778494417667389,0.436015248298645,0.354200541973114,0.7483863830566406,-0.25574129819869995,0.5565505623817444,0.5136703848838806,0.7829586267471313,-0.2121066153049469,0.47420817613601685,0.3945665955543518,0.8140544891357422,-0.22662599384784698,0.4575991928577423,0.5158575177192688,0.7978338003158569,-0.2578110098838806,0.4932713806629181,0.39302220940589905,0.8251804709434509,-0.2766879200935364,0.47023582458496094,0.5008633136749268,0.7977575659751892,-0.29649078845977783,0.4999963045120239,0.4101142883300781,0.8245936036109924,-0.30634331703186035,0.4694090485572815,0.49639686942100525,0.7943013310432434,-0.23130206763744354,0.4685971438884735,0.4143177568912506,0.8203697204589844,-0.24134871363639832,0.4718494713306427,0.4747806191444397,0.5389290452003479,0.03852211683988571,0.9998006224632263,0.3919466733932495,0.5367323756217957,-0.038631170988082886,0.9998802542686462,0.5349351167678833,0.6679796576499939,0.3685087561607361,0.15916424989700317,0.3563569188117981,0.6745874285697937,0.20786118507385254,0.35679569840431213,0.427790105342865,0.612845778465271,0.8029967546463013,0.100217305123806,0.3258376121520996,0.5870481133460999,0.7391732335090637,0.17690153419971466,0.408017098903656,0.6057760119438171,0.8539021611213684,0.14201408624649048,0.3275347352027893,0.5669757723808289,0.7914202809333801,0.20065081119537354,0.3916568160057068,0.6096755266189575,0.9047239422798157,0.08820480108261108,0.29508084058761597,0.588947057723999,0.8342269062995911,0.12218620628118515,working
0.4442172944545746,0.8462041616439819,-0.4192054271697998,0.9838886260986328,0.4529553949832916,0.8521868586540222,-0.4526351988315582,0.9869009852409363,0.45798033475875854,0.8503713607788086,-0.4526033401489258,0.9857521653175354,0.46301430463790894,0.8484132289886475,-0.4526384472846985,0.9837097525596619,0.43941059708595276,0.8548711538314819,-0.46174439787864685,0.9886525869369507,0.4353979229927063,0.8547450304031372,-0.461922824382782,0.9883838295936584,0.431327760219574,0.8546167612075806,-0.46199220418930054,0.9894141554832458,0.4780641198158264,0.8230798840522766,-0.46777835488319397,0.9829039573669434,0.4280253052711487,0.8328397274017334,-0.5009382367134094,0.9925549030303955,0.4530492424964905,0.8252838253974915,-0.40677204728126526,0.9922206401824951,0.4394468367099762,0.8284741044044495,-0.41957956552505493,0.9930432438850403,0.5196231603622437,0.733367383480072,-0.33199062943458557,0.9979935884475708,0.38941243290901184,0.7506352663040161,-0.40247875452041626,0.9992373585700989,0.508968710899353,0.7020589709281921,-0.07652176916599274,0.4172779619693756,0.3554617762565613,0.7392832040786743,-0.2208762913942337,0.56084805727005,0.4919620156288147,0.7880646586418152,0.07608898729085922,0.44377240538597107,0.3881986737251282,0.8322505950927734,-0.0342097207903862,0.4528096914291382,0.49920254945755005,0.8038721084594727,0.0612727627158165,0.46526914834976196,0.38440680503845215,0.8528537154197693,-0.05870968848466873,0.4700654447078705,0.4838259816169739,0.8054619431495667,0.026918087154626846,0.4713802635669708,0.4001902639865875,0.8525335788726807,-0.08811208605766296,0.46885934472084045,0.4772769510746002,0.801074206829071,0.06516115367412567,0.44497233629226685,0.40475159883499146,0.8448842167854309,-0.042955223470926285,0.46885600686073303,0.46516934037208557,0.542236864566803,0.03486751765012741,0.9997426271438599,0.38870981335639954,0.5438023805618286,-0.03499061241745949,0.9998494386672974,0.5415012836456299,0.67610102891922,0.3568947911262512,0.1537536233663559,0.3774872422218323,0.7316229939460754,0.26529544591903687,0.33251476287841797,0.46708449721336365,0.6428276300430298,0.8561358451843262,0.09753797948360443,0.37570446729660034,0.6527196168899536,0.8108569979667664,0.16564136743545532,0.45149165391921997,0.6399285197257996,0.915503978729248,0.1395338922739029,0.35868537425994873,0.6333520412445068,0.870484471321106,0.19299839437007904,0.45476096868515015,0.6516080498695374,0.9620465040206909,0.08467251062393188,0.3970736861228943,0.6561710834503174,0.9135061502456665,0.11438611894845963,working
